<?xml version="1.0" encoding="UTF-8"?>
<!--SCORM 1.2 Content Package document generated by HotPotatoes: Masher Version 6.3 Release 0 Build 5.-->
<manifest xmlns="http://www.imsproject.org/xsd/imscp_rootv1p1p2" xmlns:imsmd="http://www.imsglobal.org/xsd/imsmd_rootv1p2p1" xmlns:xsi="http://www.w3.org/2001/XMLSchema-instance" xmlns:adlcp="http://www.adlnet.org/xsd/adlcp_rootv1p2" identifier="MANIFEST-A77294AB-920B-4D75-9A4C-A6D5DB3095DC" xsi:schemaLocation="http://www.imsproject.org/xsd/imscp_rootv1p1p2 imscp_rootv1p1p2.xsd http://www.imsglobal.org/xsd/imsmd_rootv1p2p1 imsmd_rootv1p2p1.xsd http://www.adlnet.org/xsd/adlcp_rootv1p2 adlcp_rootv1p2.xsd">
  <metadata>
    <imsmd:lom>
      <imsmd:general>
        <imsmd:identifier />
        <imsmd:title>
          <imsmd:langstring xml:lang="en"></imsmd:langstring>
        </imsmd:title>
      </imsmd:general>
    </imsmd:lom>
  </metadata>
  <organizations default="ORG-BE4467A7-0987-42F6-979B-63C406443CEA">
    <organization identifier="ORG-BE4467A7-0987-42F6-979B-63C406443CEA" structure="hierarchical">
      <title>Organization</title>
      <item identifier="ITEM-2A2B9F1F-26C9-42AF-99C8-F43C94DFD6A4" identifierref="RES-9391391C-B211-431A-BE58-1466E1E9A6C4" isvisible="true">
        <title>Algoritmo de Dijkstra</title>
		
      </item>
    </organization>
  </organizations>
  <resources>
    <resource identifier="RES-9391391C-B211-431A-BE58-1466E1E9A6C4" type="webcontent" adlcp:scormtype="sco" href="Dijkstra.htm">
      <file href="Dijkstra.htm" />
	  <file href="1.jpg" /><file href="2.jpg" /><file href="3.jpg" /><file href="4.jpg" /><file href="5.jpg" /><file href="6.jpg" /><file href="algoritmo.png" />
    </resource>
	<resource identifier="RES-C3E672B9-9650-42E1-B144-B35C0D590F0D" type="webcontent" adlcp:scormtype="asset" href="1.jpg"><file href="1.jpg" /></resource><resource identifier="RES-314B3082-96B1-4A07-B5CB-7FA2D3928FD6" type="webcontent" adlcp:scormtype="asset" href="2.jpg"><file href="2.jpg" /></resource><resource identifier="RES-211CE47C-60DD-47B2-A291-090247645884" type="webcontent" adlcp:scormtype="asset" href="3.jpg"><file href="3.jpg" /></resource><resource identifier="RES-6CB6F123-4D5D-4643-BE9E-3283497AF0C1" type="webcontent" adlcp:scormtype="asset" href="4.jpg"><file href="4.jpg" /></resource><resource identifier="RES-082930C0-2AB8-4D37-85DC-560A914B1176" type="webcontent" adlcp:scormtype="asset" href="5.jpg"><file href="5.jpg" /></resource><resource identifier="RES-9735A874-F0DE-417D-8060-5DF7595EAE8F" type="webcontent" adlcp:scormtype="asset" href="6.jpg"><file href="6.jpg" /></resource><resource identifier="RES-421C209A-881B-44BA-8E21-92CD091F04C8" type="webcontent" adlcp:scormtype="asset" href="algoritmo.png"><file href="algoritmo.png" /></resource>
  </resources>
</manifest>

