<?xml version="1.0" encoding="UTF-8"?>
<!--SCORM 1.2 Content Package document generated by HotPotatoes: Masher Version 6.3 Release 0 Build 5.-->
<manifest xmlns="http://www.imsproject.org/xsd/imscp_rootv1p1p2" xmlns:imsmd="http://www.imsglobal.org/xsd/imsmd_rootv1p2p1" xmlns:xsi="http://www.w3.org/2001/XMLSchema-instance" xmlns:adlcp="http://www.adlnet.org/xsd/adlcp_rootv1p2" identifier="MANIFEST-97191587-9E12-4EEB-8872-3492387DC2AB" xsi:schemaLocation="http://www.imsproject.org/xsd/imscp_rootv1p1p2 imscp_rootv1p1p2.xsd http://www.imsglobal.org/xsd/imsmd_rootv1p2p1 imsmd_rootv1p2p1.xsd http://www.adlnet.org/xsd/adlcp_rootv1p2 adlcp_rootv1p2.xsd">
  <metadata>
    <imsmd:lom>
      <imsmd:general>
        <imsmd:identifier />
        <imsmd:title>
          <imsmd:langstring xml:lang="en"></imsmd:langstring>
        </imsmd:title>
      </imsmd:general>
    </imsmd:lom>
  </metadata>
  <organizations default="ORG-32906DB1-7F83-460E-9588-19F265D16252">
    <organization identifier="ORG-32906DB1-7F83-460E-9588-19F265D16252" structure="hierarchical">
      <title>Organization</title>
      <item identifier="ITEM-06DE802F-ED61-4611-A8C1-0AA43EA6D0DF" identifierref="RES-98D794B5-5FC1-49BA-9113-DCFE9360E2C9" isvisible="true">
        <title></title>
		
      </item><item identifier="ITEM-B3231EB5-12B1-4007-9ED5-3A3E3860A064" identifierref="RES-4087E2E3-535A-4182-835F-597148C2A007" isvisible="true">
        <title>Multiplica&#x00E7;&#x00E3;o de cadeia de matrizes</title>
		
      </item><item identifier="ITEM-48760E7F-638F-47B6-8130-9FA3605DD08F" identifierref="RES-2F18832F-FC84-4A3A-AA2D-EF50871F2A71" isvisible="true">
        <title>Algoritmo de Dijkstra</title>
		
      </item><item identifier="ITEM-117BF30D-AE42-4A33-9E34-89FCBD954C5F" identifierref="RES-2157791D-CED3-4019-A3D8-ED22C2CE4733" isvisible="true">
        <title>Graham`s Scan</title>
		
      </item>
    </organization>
  </organizations>
  <resources>
    <resource identifier="RES-98D794B5-5FC1-49BA-9113-DCFE9360E2C9" type="webcontent" adlcp:scormtype="asset" href="index.htm">
      <file href="index.htm" />
	  
    </resource><resource identifier="RES-4087E2E3-535A-4182-835F-597148C2A007" type="webcontent" adlcp:scormtype="sco" href="1-MultiplicacaoMatriz.htm">
      <file href="1-MultiplicacaoMatriz.htm" />
	  
    </resource><resource identifier="RES-2F18832F-FC84-4A3A-AA2D-EF50871F2A71" type="webcontent" adlcp:scormtype="sco" href="2-Dijkstra.htm">
      <file href="2-Dijkstra.htm" />
	  <file href="1.jpg" /><file href="2.jpg" /><file href="3.jpg" /><file href="4.jpg" /><file href="5.jpg" /><file href="6.jpg" /><file href="algoritmo.png" />
    </resource><resource identifier="RES-2157791D-CED3-4019-A3D8-ED22C2CE4733" type="webcontent" adlcp:scormtype="sco" href="3-GrahamScan.htm">
      <file href="3-GrahamScan.htm" />
	  
    </resource>
	<resource identifier="RES-77FAA7DC-9BEB-48CD-86CC-BEAB185FCF4A" type="webcontent" adlcp:scormtype="asset" href="1.jpg"><file href="1.jpg" /></resource><resource identifier="RES-C15C4044-D313-4A18-9978-2B2119829C7B" type="webcontent" adlcp:scormtype="asset" href="2.jpg"><file href="2.jpg" /></resource><resource identifier="RES-2237EBA7-724F-43D7-BF89-FC34694B33B8" type="webcontent" adlcp:scormtype="asset" href="3.jpg"><file href="3.jpg" /></resource><resource identifier="RES-FC7E56BF-BD88-4E1B-9ABD-18BE1A9F2B95" type="webcontent" adlcp:scormtype="asset" href="4.jpg"><file href="4.jpg" /></resource><resource identifier="RES-9DFE8860-5C93-4F84-84AA-EFF013640D1A" type="webcontent" adlcp:scormtype="asset" href="5.jpg"><file href="5.jpg" /></resource><resource identifier="RES-6FB3E86D-F90D-467E-A795-25F74CFE34D3" type="webcontent" adlcp:scormtype="asset" href="6.jpg"><file href="6.jpg" /></resource><resource identifier="RES-C39CD889-11B3-4F4A-9CB7-F73FB8ABFA0B" type="webcontent" adlcp:scormtype="asset" href="algoritmo.png"><file href="algoritmo.png" /></resource>
  </resources>
</manifest>

